,dftb_energy,orca_energy
0,-5.2883187399,-438.06528242
1,-10.5243832474,-876.11669829
