,dftb_energy,orca_energy
1,-15.7501545588,-1314.0675103
0,-15.7564427574,-1314.06064061
