,dftb_energy,orca_energy
1,-15.8060313677,-1314.33632291
2,-15.8347723311,-1314.33611814
0,-15.8436976671,-1314.27097018
